"","duration"
"1",2
"2",3
"3",3
"4",3
"5",3
"6",3
"7",3
"8",3
"9",3
"10",3
"11",3
"12",3
"13",3
"14",3
"15",3
"16",4
"17",4
"18",4
"19",4
"20",4
"21",4
"22",4
"23",4
"24",4
"25",4
"26",4
"27",4
"28",4
"29",4
"30",4
"31",4
"32",4
"33",4
"34",4
"35",4
"36",4
"37",4
"38",4
"39",4
"40",4
"41",4
"42",4
"43",4
"44",4
"45",4
"46",4
"47",5
"48",5
"49",5
"50",5
"51",5
"52",5
"53",5
"54",5
"55",5
"56",5
"57",5
"58",5
"59",5
"60",5
"61",5
"62",5
"63",5
"64",5
"65",5
"66",5
"67",5
"68",5
"69",5
"70",5
"71",5
"72",5
"73",5
"74",5
"75",5
"76",5
"77",5
"78",5
"79",5
"80",5
"81",6
"82",6
"83",6
"84",6
"85",6
"86",6
"87",6
"88",6
"89",6
"90",6
"91",6
"92",6
"93",6
"94",6
"95",6
"96",6
"97",6
"98",6
"99",6
"100",6
"101",6
"102",6
"103",6
"104",6
"105",6
"106",6
"107",6
"108",6
"109",6
"110",6
"111",6
"112",6
"113",6
"114",6
"115",6
"116",6
"117",6
"118",6
"119",6
"120",6
"121",6
"122",6
"123",6
"124",6
"125",6
"126",6
"127",6
"128",6
"129",6
"130",6
"131",6
"132",6
"133",6
"134",6
"135",6
"136",6
"137",6
"138",6
"139",6
"140",6
"141",7
"142",7
"143",7
"144",7
"145",7
"146",7
"147",7
"148",7
"149",7
"150",7
"151",7
"152",7
"153",7
"154",7
"155",7
"156",7
"157",7
"158",7
"159",7
"160",7
"161",7
"162",7
"163",7
"164",7
"165",7
"166",7
"167",7
"168",7
"169",7
"170",7
"171",7
"172",7
"173",7
"174",7
"175",7
"176",7
"177",7
"178",7
"179",7
"180",7
"181",7
"182",7
"183",7
"184",7
"185",7
"186",7
"187",7
"188",7
"189",7
"190",7
"191",7
"192",7
"193",7
"194",7
"195",7
"196",7
"197",7
"198",7
"199",7
"200",7
"201",7
"202",7
"203",7
"204",7
"205",7
"206",7
"207",7
"208",7
"209",7
"210",7
"211",7
"212",7
"213",7
"214",7
"215",7
"216",7
"217",7
"218",7
"219",7
"220",7
"221",7
"222",7
"223",7
"224",7
"225",7
"226",7
"227",7
"228",7
"229",7
"230",7
"231",7
"232",7
"233",7
"234",7
"235",7
"236",7
"237",8
"238",8
"239",8
"240",8
"241",8
"242",8
"243",8
"244",8
"245",8
"246",8
"247",8
"248",8
"249",8
"250",8
"251",8
"252",8
"253",8
"254",8
"255",8
"256",8
"257",8
"258",8
"259",8
"260",8
"261",8
"262",8
"263",8
"264",8
"265",8
"266",8
"267",8
"268",8
"269",8
"270",8
"271",8
"272",8
"273",8
"274",8
"275",8
"276",8
"277",8
"278",8
"279",8
"280",8
"281",8
"282",8
"283",8
"284",8
"285",8
"286",8
"287",8
"288",8
"289",8
"290",8
"291",8
"292",8
"293",8
"294",8
"295",8
"296",8
"297",8
"298",8
"299",8
"300",8
"301",8
"302",8
"303",8
"304",8
"305",8
"306",8
"307",8
"308",8
"309",8
"310",8
"311",8
"312",8
"313",8
"314",8
"315",8
"316",8
"317",8
"318",8
"319",8
"320",8
"321",8
"322",8
"323",8
"324",8
"325",8
"326",8
"327",8
"328",8
"329",8
"330",8
"331",8
"332",8
"333",8
"334",8
"335",8
"336",8
"337",8
"338",8
"339",8
"340",8
"341",8
"342",8
"343",8
"344",8
"345",8
"346",8
"347",8
"348",8
"349",8
"350",8
"351",8
"352",8
"353",8
"354",8
"355",8
"356",8
"357",8
"358",8
"359",8
"360",8
"361",8
"362",8
"363",8
"364",8
"365",8
"366",8
"367",8
"368",8
"369",8
"370",8
"371",8
"372",9
"373",9
"374",9
"375",9
"376",9
"377",9
"378",9
"379",9
"380",9
"381",9
"382",9
"383",9
"384",9
"385",9
"386",9
"387",9
"388",9
"389",9
"390",9
"391",9
"392",9
"393",9
"394",9
"395",9
"396",9
"397",9
"398",9
"399",9
"400",9
"401",9
"402",9
"403",9
"404",9
"405",9
"406",9
"407",9
"408",9
"409",9
"410",9
"411",9
"412",9
"413",9
"414",9
"415",9
"416",9
"417",9
"418",9
"419",9
"420",9
"421",9
"422",9
"423",9
"424",9
"425",9
"426",9
"427",9
"428",9
"429",9
"430",9
"431",9
"432",9
"433",9
"434",9
"435",9
"436",9
"437",9
"438",9
"439",9
"440",9
"441",9
"442",9
"443",9
"444",9
"445",9
"446",9
"447",9
"448",9
"449",9
"450",9
"451",9
"452",9
"453",9
"454",9
"455",9
"456",9
"457",9
"458",9
"459",9
"460",9
"461",9
"462",9
"463",9
"464",9
"465",9
"466",9
"467",9
"468",9
"469",9
"470",9
"471",9
"472",9
"473",9
"474",9
"475",9
"476",9
"477",9
"478",9
"479",9
"480",9
"481",9
"482",9
"483",9
"484",9
"485",9
"486",9
"487",9
"488",9
"489",9
"490",9
"491",9
"492",9
"493",9
"494",9
"495",9
"496",9
"497",9
"498",9
"499",9
"500",9
"501",9
"502",9
"503",9
"504",9
"505",9
"506",9
"507",9
"508",9
"509",9
"510",9
"511",9
"512",9
"513",9
"514",9
"515",9
"516",9
"517",9
"518",9
"519",9
"520",9
"521",9
"522",9
"523",9
"524",9
"525",9
"526",9
"527",9
"528",9
"529",9
"530",9
"531",9
"532",9
"533",9
"534",9
"535",9
"536",9
"537",9
"538",9
"539",9
"540",9
"541",9
"542",9
"543",9
"544",9
"545",9
"546",9
"547",9
"548",10
"549",10
"550",10
"551",10
"552",10
"553",10
"554",10
"555",10
"556",10
"557",10
"558",10
"559",10
"560",10
"561",10
"562",10
"563",10
"564",10
"565",10
"566",10
"567",10
"568",10
"569",10
"570",10
"571",10
"572",10
"573",10
"574",10
"575",10
"576",10
"577",10
"578",10
"579",10
"580",10
"581",10
"582",10
"583",10
"584",10
"585",10
"586",10
"587",10
"588",10
"589",10
"590",10
"591",10
"592",10
"593",10
"594",10
"595",10
"596",10
"597",10
"598",10
"599",10
"600",10
"601",10
"602",10
"603",10
"604",10
"605",10
"606",10
"607",10
"608",10
"609",10
"610",10
"611",10
"612",10
"613",10
"614",10
"615",10
"616",10
"617",10
"618",10
"619",10
"620",10
"621",10
"622",10
"623",10
"624",10
"625",10
"626",10
"627",10
"628",10
"629",10
"630",10
"631",10
"632",10
"633",10
"634",10
"635",10
"636",10
"637",10
"638",10
"639",10
"640",10
"641",10
"642",10
"643",10
"644",10
"645",10
"646",10
"647",10
"648",10
"649",10
"650",10
"651",10
"652",10
"653",10
"654",10
"655",10
"656",10
"657",10
"658",10
"659",10
"660",10
"661",10
"662",10
"663",10
"664",10
"665",10
"666",10
"667",10
"668",10
"669",10
"670",10
"671",10
"672",10
"673",10
"674",10
"675",10
"676",10
"677",10
"678",10
"679",10
"680",10
"681",10
"682",10
"683",10
"684",10
"685",10
"686",10
"687",10
"688",10
"689",10
"690",10
"691",10
"692",10
"693",10
"694",10
"695",10
"696",10
"697",10
"698",10
"699",10
"700",10
"701",10
"702",10
"703",10
"704",10
"705",10
"706",10
"707",10
"708",10
"709",10
"710",10
"711",10
"712",10
"713",10
"714",10
"715",10
"716",10
"717",10
"718",10
"719",10
"720",10
"721",10
"722",10
"723",10
"724",10
"725",10
"726",10
"727",10
"728",10
"729",10
"730",10
"731",10
"732",10
"733",10
"734",10
"735",10
"736",10
"737",10
"738",10
"739",10
"740",11
"741",11
"742",11
"743",11
"744",11
"745",11
"746",11
"747",11
"748",11
"749",11
"750",11
"751",11
"752",11
"753",11
"754",11
"755",11
"756",11
"757",11
"758",11
"759",11
"760",11
"761",11
"762",11
"763",11
"764",11
"765",11
"766",11
"767",11
"768",11
"769",11
"770",11
"771",11
"772",11
"773",11
"774",11
"775",11
"776",11
"777",11
"778",11
"779",11
"780",11
"781",11
"782",11
"783",11
"784",11
"785",11
"786",11
"787",11
"788",11
"789",11
"790",11
"791",11
"792",11
"793",11
"794",11
"795",11
"796",11
"797",11
"798",11
"799",11
"800",11
"801",11
"802",11
"803",11
"804",11
"805",11
"806",11
"807",11
"808",11
"809",11
"810",11
"811",11
"812",11
"813",11
"814",11
"815",11
"816",11
"817",11
"818",11
"819",11
"820",11
"821",11
"822",11
"823",11
"824",11
"825",11
"826",11
"827",11
"828",11
"829",11
"830",11
"831",11
"832",11
"833",11
"834",11
"835",11
"836",11
"837",11
"838",11
"839",11
"840",11
"841",11
"842",11
"843",11
"844",11
"845",11
"846",11
"847",11
"848",11
"849",11
"850",11
"851",11
"852",11
"853",11
"854",11
"855",11
"856",11
"857",11
"858",11
"859",11
"860",11
"861",11
"862",11
"863",11
"864",11
"865",11
"866",11
"867",11
"868",11
"869",11
"870",11
"871",11
"872",11
"873",11
"874",11
"875",11
"876",11
"877",11
"878",11
"879",11
"880",11
"881",11
"882",11
"883",11
"884",11
"885",11
"886",11
"887",11
"888",11
"889",11
"890",11
"891",11
"892",11
"893",11
"894",11
"895",11
"896",11
"897",11
"898",11
"899",11
"900",11
"901",11
"902",11
"903",11
"904",11
"905",11
"906",11
"907",11
"908",11
"909",11
"910",11
"911",11
"912",11
"913",11
"914",11
"915",11
"916",11
"917",11
"918",11
"919",11
"920",11
"921",11
"922",11
"923",11
"924",11
"925",11
"926",12
"927",12
"928",12
"929",12
"930",12
"931",12
"932",12
"933",12
"934",12
"935",12
"936",12
"937",12
"938",12
"939",12
"940",12
"941",12
"942",12
"943",12
"944",12
"945",12
"946",12
"947",12
"948",12
"949",12
"950",12
"951",12
"952",12
"953",12
"954",12
"955",12
"956",12
"957",12
"958",12
"959",12
"960",12
"961",12
"962",12
"963",12
"964",12
"965",12
"966",12
"967",12
"968",12
"969",12
"970",12
"971",12
"972",12
"973",12
"974",12
"975",12
"976",12
"977",12
"978",12
"979",12
"980",12
"981",12
"982",12
"983",12
"984",12
"985",12
"986",12
"987",12
"988",12
"989",12
"990",12
"991",12
"992",12
"993",12
"994",12
"995",12
"996",12
"997",12
"998",12
"999",12
"1000",12
"1001",12
"1002",12
"1003",12
"1004",12
"1005",12
"1006",12
"1007",12
"1008",12
"1009",12
"1010",12
"1011",12
"1012",12
"1013",12
"1014",12
"1015",12
"1016",12
"1017",12
"1018",12
"1019",12
"1020",12
"1021",12
"1022",12
"1023",12
"1024",12
"1025",12
"1026",12
"1027",12
"1028",12
"1029",12
"1030",12
"1031",12
"1032",12
"1033",12
"1034",12
"1035",12
"1036",12
"1037",12
"1038",12
"1039",12
"1040",12
"1041",12
"1042",12
"1043",12
"1044",12
"1045",12
"1046",12
"1047",12
"1048",12
"1049",12
"1050",12
"1051",12
"1052",12
"1053",12
"1054",12
"1055",12
"1056",12
"1057",12
"1058",12
"1059",12
"1060",12
"1061",12
"1062",12
"1063",12
"1064",12
"1065",12
"1066",12
"1067",12
"1068",12
"1069",12
"1070",12
"1071",12
"1072",12
"1073",12
"1074",12
"1075",12
"1076",12
"1077",12
"1078",12
"1079",12
"1080",12
"1081",12
"1082",12
"1083",12
"1084",12
"1085",12
"1086",12
"1087",12
"1088",12
"1089",12
"1090",12
"1091",12
"1092",12
"1093",12
"1094",12
"1095",12
"1096",12
"1097",12
"1098",12
"1099",12
"1100",12
"1101",12
"1102",12
"1103",12
"1104",12
"1105",12
"1106",12
"1107",12
"1108",12
"1109",12
"1110",12
"1111",12
"1112",12
"1113",12
"1114",12
"1115",12
"1116",12
"1117",12
"1118",12
"1119",12
"1120",12
"1121",13
"1122",13
"1123",13
"1124",13
"1125",13
"1126",13
"1127",13
"1128",13
"1129",13
"1130",13
"1131",13
"1132",13
"1133",13
"1134",13
"1135",13
"1136",13
"1137",13
"1138",13
"1139",13
"1140",13
"1141",13
"1142",13
"1143",13
"1144",13
"1145",13
"1146",13
"1147",13
"1148",13
"1149",13
"1150",13
"1151",13
"1152",13
"1153",13
"1154",13
"1155",13
"1156",13
"1157",13
"1158",13
"1159",13
"1160",13
"1161",13
"1162",13
"1163",13
"1164",13
"1165",13
"1166",13
"1167",13
"1168",13
"1169",13
"1170",13
"1171",13
"1172",13
"1173",13
"1174",13
"1175",13
"1176",13
"1177",13
"1178",13
"1179",13
"1180",13
"1181",13
"1182",13
"1183",13
"1184",13
"1185",13
"1186",13
"1187",13
"1188",13
"1189",13
"1190",13
"1191",13
"1192",13
"1193",13
"1194",13
"1195",13
"1196",13
"1197",13
"1198",13
"1199",13
"1200",13
"1201",13
"1202",13
"1203",13
"1204",13
"1205",13
"1206",13
"1207",13
"1208",13
"1209",13
"1210",13
"1211",13
"1212",13
"1213",13
"1214",13
"1215",13
"1216",13
"1217",13
"1218",13
"1219",13
"1220",13
"1221",13
"1222",13
"1223",13
"1224",13
"1225",13
"1226",13
"1227",13
"1228",13
"1229",13
"1230",13
"1231",13
"1232",13
"1233",13
"1234",13
"1235",13
"1236",13
"1237",13
"1238",13
"1239",13
"1240",13
"1241",13
"1242",13
"1243",13
"1244",13
"1245",13
"1246",13
"1247",13
"1248",13
"1249",13
"1250",13
"1251",13
"1252",13
"1253",13
"1254",13
"1255",13
"1256",13
"1257",13
"1258",13
"1259",13
"1260",13
"1261",13
"1262",13
"1263",13
"1264",13
"1265",13
"1266",13
"1267",13
"1268",13
"1269",13
"1270",13
"1271",13
"1272",13
"1273",13
"1274",13
"1275",13
"1276",13
"1277",13
"1278",13
"1279",13
"1280",13
"1281",13
"1282",13
"1283",13
"1284",13
"1285",13
"1286",13
"1287",13
"1288",13
"1289",13
"1290",13
"1291",13
"1292",13
"1293",13
"1294",13
"1295",13
"1296",13
"1297",13
"1298",13
"1299",13
"1300",13
"1301",13
"1302",13
"1303",13
"1304",13
"1305",13
"1306",13
"1307",13
"1308",13
"1309",13
"1310",13
"1311",13
"1312",13
"1313",13
"1314",13
"1315",13
"1316",13
"1317",13
"1318",13
"1319",13
"1320",13
"1321",13
"1322",13
"1323",13
"1324",13
"1325",13
"1326",13
"1327",13
"1328",13
"1329",13
"1330",13
"1331",13
"1332",13
"1333",13
"1334",13
"1335",13
"1336",13
"1337",13
"1338",13
"1339",13
"1340",13
"1341",13
"1342",13
"1343",13
"1344",13
"1345",13
"1346",13
"1347",14
"1348",14
"1349",14
"1350",14
"1351",14
"1352",14
"1353",14
"1354",14
"1355",14
"1356",14
"1357",14
"1358",14
"1359",14
"1360",14
"1361",14
"1362",14
"1363",14
"1364",14
"1365",14
"1366",14
"1367",14
"1368",14
"1369",14
"1370",14
"1371",14
"1372",14
"1373",14
"1374",14
"1375",14
"1376",14
"1377",14
"1378",14
"1379",14
"1380",14
"1381",14
"1382",14
"1383",14
"1384",14
"1385",14
"1386",14
"1387",14
"1388",14
"1389",14
"1390",14
"1391",14
"1392",14
"1393",14
"1394",14
"1395",14
"1396",14
"1397",14
"1398",14
"1399",14
"1400",14
"1401",14
"1402",14
"1403",14
"1404",14
"1405",14
"1406",14
"1407",14
"1408",14
"1409",14
"1410",14
"1411",14
"1412",14
"1413",14
"1414",14
"1415",14
"1416",14
"1417",14
"1418",14
"1419",14
"1420",14
"1421",14
"1422",14
"1423",14
"1424",14
"1425",14
"1426",14
"1427",14
"1428",14
"1429",14
"1430",14
"1431",14
"1432",14
"1433",14
"1434",14
"1435",14
"1436",14
"1437",14
"1438",14
"1439",14
"1440",14
"1441",14
"1442",14
"1443",14
"1444",14
"1445",14
"1446",14
"1447",14
"1448",14
"1449",14
"1450",14
"1451",14
"1452",14
"1453",14
"1454",14
"1455",14
"1456",14
"1457",14
"1458",14
"1459",14
"1460",14
"1461",14
"1462",14
"1463",14
"1464",14
"1465",14
"1466",14
"1467",14
"1468",14
"1469",14
"1470",14
"1471",14
"1472",14
"1473",14
"1474",14
"1475",14
"1476",14
"1477",14
"1478",14
"1479",14
"1480",14
"1481",14
"1482",14
"1483",14
"1484",14
"1485",14
"1486",14
"1487",14
"1488",14
"1489",14
"1490",14
"1491",14
"1492",14
"1493",14
"1494",14
"1495",14
"1496",14
"1497",14
"1498",14
"1499",14
"1500",14
"1501",14
"1502",14
"1503",14
"1504",14
"1505",14
"1506",14
"1507",14
"1508",14
"1509",14
"1510",14
"1511",14
"1512",14
"1513",14
"1514",14
"1515",14
"1516",14
"1517",14
"1518",14
"1519",14
"1520",14
"1521",14
"1522",14
"1523",14
"1524",14
"1525",14
"1526",14
"1527",14
"1528",14
"1529",14
"1530",14
"1531",14
"1532",14
"1533",14
"1534",14
"1535",14
"1536",14
"1537",14
"1538",14
"1539",14
"1540",14
"1541",14
"1542",14
"1543",14
"1544",14
"1545",14
"1546",14
"1547",14
"1548",15
"1549",15
"1550",15
"1551",15
"1552",15
"1553",15
"1554",15
"1555",15
"1556",15
"1557",15
"1558",15
"1559",15
"1560",15
"1561",15
"1562",15
"1563",15
"1564",15
"1565",15
"1566",15
"1567",15
"1568",15
"1569",15
"1570",15
"1571",15
"1572",15
"1573",15
"1574",15
"1575",15
"1576",15
"1577",15
"1578",15
"1579",15
"1580",15
"1581",15
"1582",15
"1583",15
"1584",15
"1585",15
"1586",15
"1587",15
"1588",15
"1589",15
"1590",15
"1591",15
"1592",15
"1593",15
"1594",15
"1595",15
"1596",15
"1597",15
"1598",15
"1599",15
"1600",15
"1601",15
"1602",15
"1603",15
"1604",15
"1605",15
"1606",15
"1607",15
"1608",15
"1609",15
"1610",15
"1611",15
"1612",15
"1613",15
"1614",15
"1615",15
"1616",15
"1617",15
"1618",15
"1619",15
"1620",15
"1621",15
"1622",15
"1623",15
"1624",15
"1625",15
"1626",15
"1627",15
"1628",15
"1629",15
"1630",15
"1631",15
"1632",15
"1633",15
"1634",15
"1635",15
"1636",15
"1637",15
"1638",15
"1639",15
"1640",15
"1641",15
"1642",15
"1643",15
"1644",15
"1645",15
"1646",15
"1647",15
"1648",15
"1649",15
"1650",15
"1651",15
"1652",15
"1653",15
"1654",15
"1655",15
"1656",15
"1657",15
"1658",15
"1659",15
"1660",15
"1661",15
"1662",15
"1663",15
"1664",15
"1665",15
"1666",15
"1667",15
"1668",15
"1669",15
"1670",15
"1671",15
"1672",15
"1673",15
"1674",15
"1675",15
"1676",15
"1677",15
"1678",15
"1679",15
"1680",15
"1681",15
"1682",15
"1683",15
"1684",15
"1685",15
"1686",15
"1687",15
"1688",15
"1689",15
"1690",15
"1691",15
"1692",15
"1693",15
"1694",15
"1695",15
"1696",15
"1697",15
"1698",15
"1699",15
"1700",15
"1701",15
"1702",15
"1703",15
"1704",15
"1705",15
"1706",15
"1707",15
"1708",15
"1709",15
"1710",15
"1711",15
"1712",15
"1713",15
"1714",15
"1715",15
"1716",15
"1717",15
"1718",15
"1719",15
"1720",15
"1721",15
"1722",15
"1723",15
"1724",15
"1725",15
"1726",15
"1727",15
"1728",15
"1729",15
"1730",15
"1731",15
"1732",15
"1733",15
"1734",15
"1735",15
"1736",15
"1737",15
"1738",15
"1739",15
"1740",15
"1741",15
"1742",15
"1743",15
"1744",15
"1745",15
"1746",15
"1747",15
"1748",15
"1749",15
"1750",15
"1751",15
"1752",16
"1753",16
"1754",16
"1755",16
"1756",16
"1757",16
"1758",16
"1759",16
"1760",16
"1761",16
"1762",16
"1763",16
"1764",16
"1765",16
"1766",16
"1767",16
"1768",16
"1769",16
"1770",16
"1771",16
"1772",16
"1773",16
"1774",16
"1775",16
"1776",16
"1777",16
"1778",16
"1779",16
"1780",16
"1781",16
"1782",16
"1783",16
"1784",16
"1785",16
"1786",16
"1787",16
"1788",16
"1789",16
"1790",16
"1791",16
"1792",16
"1793",16
"1794",16
"1795",16
"1796",16
"1797",16
"1798",16
"1799",16
"1800",16
"1801",16
"1802",16
"1803",16
"1804",16
"1805",16
"1806",16
"1807",16
"1808",16
"1809",16
"1810",16
"1811",16
"1812",16
"1813",16
"1814",16
"1815",16
"1816",16
"1817",16
"1818",16
"1819",16
"1820",16
"1821",16
"1822",16
"1823",16
"1824",16
"1825",16
"1826",16
"1827",16
"1828",16
"1829",16
"1830",16
"1831",16
"1832",16
"1833",16
"1834",16
"1835",16
"1836",16
"1837",16
"1838",16
"1839",16
"1840",16
"1841",16
"1842",16
"1843",16
"1844",16
"1845",16
"1846",16
"1847",16
"1848",16
"1849",16
"1850",16
"1851",16
"1852",16
"1853",16
"1854",16
"1855",16
"1856",16
"1857",16
"1858",16
"1859",16
"1860",16
"1861",16
"1862",16
"1863",16
"1864",16
"1865",16
"1866",16
"1867",16
"1868",16
"1869",16
"1870",16
"1871",16
"1872",16
"1873",16
"1874",16
"1875",16
"1876",16
"1877",16
"1878",16
"1879",16
"1880",16
"1881",16
"1882",16
"1883",16
"1884",16
"1885",16
"1886",16
"1887",16
"1888",16
"1889",16
"1890",16
"1891",16
"1892",16
"1893",16
"1894",16
"1895",16
"1896",16
"1897",16
"1898",16
"1899",16
"1900",16
"1901",16
"1902",16
"1903",16
"1904",16
"1905",16
"1906",16
"1907",16
"1908",16
"1909",16
"1910",16
"1911",16
"1912",16
"1913",16
"1914",16
"1915",16
"1916",16
"1917",16
"1918",16
"1919",16
"1920",16
"1921",16
"1922",16
"1923",16
"1924",16
"1925",16
"1926",16
"1927",16
"1928",16
"1929",16
"1930",16
"1931",16
"1932",16
"1933",16
"1934",16
"1935",16
"1936",16
"1937",16
"1938",16
"1939",16
"1940",16
"1941",16
"1942",16
"1943",16
"1944",16
"1945",17
"1946",17
"1947",17
"1948",17
"1949",17
"1950",17
"1951",17
"1952",17
"1953",17
"1954",17
"1955",17
"1956",17
"1957",17
"1958",17
"1959",17
"1960",17
"1961",17
"1962",17
"1963",17
"1964",17
"1965",17
"1966",17
"1967",17
"1968",17
"1969",17
"1970",17
"1971",17
"1972",17
"1973",17
"1974",17
"1975",17
"1976",17
"1977",17
"1978",17
"1979",17
"1980",17
"1981",17
"1982",17
"1983",17
"1984",17
"1985",17
"1986",17
"1987",17
"1988",17
"1989",17
"1990",17
"1991",17
"1992",17
"1993",17
"1994",17
"1995",17
"1996",17
"1997",17
"1998",17
"1999",17
"2000",17
"2001",17
"2002",17
"2003",17
"2004",17
"2005",17
"2006",17
"2007",17
"2008",17
"2009",17
"2010",17
"2011",17
"2012",17
"2013",17
"2014",17
"2015",17
"2016",17
"2017",17
"2018",17
"2019",17
"2020",17
"2021",17
"2022",17
"2023",17
"2024",17
"2025",17
"2026",17
"2027",17
"2028",17
"2029",17
"2030",17
"2031",17
"2032",17
"2033",17
"2034",17
"2035",17
"2036",17
"2037",17
"2038",17
"2039",17
"2040",17
"2041",17
"2042",17
"2043",17
"2044",17
"2045",17
"2046",17
"2047",17
"2048",17
"2049",17
"2050",17
"2051",17
"2052",17
"2053",17
"2054",17
"2055",17
"2056",17
"2057",17
"2058",17
"2059",17
"2060",17
"2061",17
"2062",17
"2063",17
"2064",17
"2065",17
"2066",17
"2067",17
"2068",17
"2069",17
"2070",17
"2071",17
"2072",17
"2073",17
"2074",17
"2075",17
"2076",17
"2077",17
"2078",17
"2079",17
"2080",17
"2081",17
"2082",17
"2083",17
"2084",17
"2085",17
"2086",17
"2087",17
"2088",17
"2089",17
"2090",17
"2091",17
"2092",17
"2093",17
"2094",17
"2095",17
"2096",17
"2097",17
"2098",17
"2099",17
"2100",17
"2101",17
"2102",17
"2103",17
"2104",17
"2105",17
"2106",17
"2107",17
"2108",17
"2109",17
"2110",17
"2111",17
"2112",17
"2113",17
"2114",17
"2115",17
"2116",17
"2117",17
"2118",17
"2119",17
"2120",17
"2121",17
"2122",17
"2123",17
"2124",17
"2125",17
"2126",17
"2127",17
"2128",17
"2129",17
"2130",17
"2131",18
"2132",18
"2133",18
"2134",18
"2135",18
"2136",18
"2137",18
"2138",18
"2139",18
"2140",18
"2141",18
"2142",18
"2143",18
"2144",18
"2145",18
"2146",18
"2147",18
"2148",18
"2149",18
"2150",18
"2151",18
"2152",18
"2153",18
"2154",18
"2155",18
"2156",18
"2157",18
"2158",18
"2159",18
"2160",18
"2161",18
"2162",18
"2163",18
"2164",18
"2165",18
"2166",18
"2167",18
"2168",18
"2169",18
"2170",18
"2171",18
"2172",18
"2173",18
"2174",18
"2175",18
"2176",18
"2177",18
"2178",18
"2179",18
"2180",18
"2181",18
"2182",18
"2183",18
"2184",18
"2185",18
"2186",18
"2187",18
"2188",18
"2189",18
"2190",18
"2191",18
"2192",18
"2193",18
"2194",18
"2195",18
"2196",18
"2197",18
"2198",18
"2199",18
"2200",18
"2201",18
"2202",18
"2203",18
"2204",18
"2205",18
"2206",18
"2207",18
"2208",18
"2209",18
"2210",18
"2211",18
"2212",18
"2213",18
"2214",18
"2215",18
"2216",18
"2217",18
"2218",18
"2219",18
"2220",18
"2221",18
"2222",18
"2223",18
"2224",18
"2225",18
"2226",18
"2227",18
"2228",18
"2229",18
"2230",18
"2231",18
"2232",18
"2233",18
"2234",18
"2235",18
"2236",18
"2237",18
"2238",18
"2239",18
"2240",18
"2241",18
"2242",18
"2243",18
"2244",18
"2245",18
"2246",18
"2247",18
"2248",18
"2249",18
"2250",18
"2251",18
"2252",18
"2253",18
"2254",18
"2255",18
"2256",18
"2257",18
"2258",18
"2259",18
"2260",18
"2261",18
"2262",18
"2263",18
"2264",18
"2265",18
"2266",18
"2267",18
"2268",18
"2269",18
"2270",18
"2271",18
"2272",18
"2273",18
"2274",18
"2275",18
"2276",18
"2277",18
"2278",18
"2279",18
"2280",18
"2281",18
"2282",18
"2283",18
"2284",18
"2285",18
"2286",18
"2287",18
"2288",18
"2289",18
"2290",18
"2291",18
"2292",18
"2293",18
"2294",18
"2295",18
"2296",19
"2297",19
"2298",19
"2299",19
"2300",19
"2301",19
"2302",19
"2303",19
"2304",19
"2305",19
"2306",19
"2307",19
"2308",19
"2309",19
"2310",19
"2311",19
"2312",19
"2313",19
"2314",19
"2315",19
"2316",19
"2317",19
"2318",19
"2319",19
"2320",19
"2321",19
"2322",19
"2323",19
"2324",19
"2325",19
"2326",19
"2327",19
"2328",19
"2329",19
"2330",19
"2331",19
"2332",19
"2333",19
"2334",19
"2335",19
"2336",19
"2337",19
"2338",19
"2339",19
"2340",19
"2341",19
"2342",19
"2343",19
"2344",19
"2345",19
"2346",19
"2347",19
"2348",19
"2349",19
"2350",19
"2351",19
"2352",19
"2353",19
"2354",19
"2355",19
"2356",19
"2357",19
"2358",19
"2359",19
"2360",19
"2361",19
"2362",19
"2363",19
"2364",19
"2365",19
"2366",19
"2367",19
"2368",19
"2369",19
"2370",19
"2371",19
"2372",19
"2373",19
"2374",19
"2375",19
"2376",19
"2377",19
"2378",19
"2379",19
"2380",19
"2381",19
"2382",19
"2383",19
"2384",19
"2385",19
"2386",19
"2387",19
"2388",19
"2389",19
"2390",19
"2391",19
"2392",19
"2393",19
"2394",19
"2395",19
"2396",19
"2397",19
"2398",19
"2399",19
"2400",19
"2401",19
"2402",19
"2403",19
"2404",19
"2405",19
"2406",19
"2407",19
"2408",19
"2409",19
"2410",19
"2411",19
"2412",19
"2413",19
"2414",19
"2415",19
"2416",19
"2417",19
"2418",19
"2419",19
"2420",19
"2421",19
"2422",19
"2423",19
"2424",19
"2425",19
"2426",19
"2427",19
"2428",19
"2429",19
"2430",19
"2431",19
"2432",19
"2433",19
"2434",19
"2435",19
"2436",19
"2437",19
"2438",19
"2439",19
"2440",19
"2441",19
"2442",19
"2443",19
"2444",19
"2445",19
"2446",19
"2447",19
"2448",19
"2449",19
"2450",19
"2451",19
"2452",19
"2453",19
"2454",19
"2455",19
"2456",19
"2457",19
"2458",19
"2459",19
"2460",20
"2461",20
"2462",20
"2463",20
"2464",20
"2465",20
"2466",20
"2467",20
"2468",20
"2469",20
"2470",20
"2471",20
"2472",20
"2473",20
"2474",20
"2475",20
"2476",20
"2477",20
"2478",20
"2479",20
"2480",20
"2481",20
"2482",20
"2483",20
"2484",20
"2485",20
"2486",20
"2487",20
"2488",20
"2489",20
"2490",20
"2491",20
"2492",20
"2493",20
"2494",20
"2495",20
"2496",20
"2497",20
"2498",20
"2499",20
"2500",20
"2501",20
"2502",20
"2503",20
"2504",20
"2505",20
"2506",20
"2507",20
"2508",20
"2509",20
"2510",20
"2511",20
"2512",20
"2513",20
"2514",20
"2515",20
"2516",20
"2517",20
"2518",20
"2519",20
"2520",20
"2521",20
"2522",20
"2523",20
"2524",20
"2525",20
"2526",20
"2527",20
"2528",20
"2529",20
"2530",20
"2531",20
"2532",20
"2533",20
"2534",20
"2535",20
"2536",20
"2537",20
"2538",20
"2539",20
"2540",20
"2541",20
"2542",20
"2543",20
"2544",20
"2545",20
"2546",20
"2547",20
"2548",20
"2549",20
"2550",20
"2551",20
"2552",20
"2553",20
"2554",20
"2555",20
"2556",20
"2557",20
"2558",20
"2559",20
"2560",20
"2561",20
"2562",20
"2563",20
"2564",20
"2565",20
"2566",20
"2567",20
"2568",20
"2569",20
"2570",20
"2571",20
"2572",20
"2573",20
"2574",20
"2575",20
"2576",20
"2577",20
"2578",20
"2579",20
"2580",20
"2581",20
"2582",20
"2583",20
"2584",20
"2585",20
"2586",20
"2587",20
"2588",20
"2589",20
"2590",20
"2591",20
"2592",20
"2593",20
"2594",20
"2595",20
"2596",20
"2597",20
"2598",20
"2599",20
"2600",20
"2601",20
"2602",20
"2603",20
"2604",20
"2605",20
"2606",20
"2607",20
"2608",20
"2609",20
"2610",20
"2611",20
"2612",20
"2613",20
"2614",20
"2615",20
"2616",20
"2617",21
"2618",21
"2619",21
"2620",21
"2621",21
"2622",21
"2623",21
"2624",21
"2625",21
"2626",21
"2627",21
"2628",21
"2629",21
"2630",21
"2631",21
"2632",21
"2633",21
"2634",21
"2635",21
"2636",21
"2637",21
"2638",21
"2639",21
"2640",21
"2641",21
"2642",21
"2643",21
"2644",21
"2645",21
"2646",21
"2647",21
"2648",21
"2649",21
"2650",21
"2651",21
"2652",21
"2653",21
"2654",21
"2655",21
"2656",21
"2657",21
"2658",21
"2659",21
"2660",21
"2661",21
"2662",21
"2663",21
"2664",21
"2665",21
"2666",21
"2667",21
"2668",21
"2669",21
"2670",21
"2671",21
"2672",21
"2673",21
"2674",21
"2675",21
"2676",21
"2677",21
"2678",21
"2679",21
"2680",21
"2681",21
"2682",21
"2683",21
"2684",21
"2685",21
"2686",21
"2687",21
"2688",21
"2689",21
"2690",21
"2691",21
"2692",21
"2693",21
"2694",21
"2695",21
"2696",21
"2697",21
"2698",21
"2699",21
"2700",21
"2701",21
"2702",21
"2703",21
"2704",21
"2705",21
"2706",21
"2707",21
"2708",21
"2709",21
"2710",21
"2711",21
"2712",21
"2713",21
"2714",21
"2715",21
"2716",21
"2717",21
"2718",21
"2719",21
"2720",21
"2721",21
"2722",21
"2723",21
"2724",21
"2725",21
"2726",21
"2727",21
"2728",21
"2729",21
"2730",21
"2731",21
"2732",21
"2733",21
"2734",21
"2735",21
"2736",21
"2737",21
"2738",21
"2739",21
"2740",21
"2741",21
"2742",21
"2743",21
"2744",21
"2745",21
"2746",21
"2747",21
"2748",21
"2749",21
"2750",21
"2751",21
"2752",21
"2753",21
"2754",22
"2755",22
"2756",22
"2757",22
"2758",22
"2759",22
"2760",22
"2761",22
"2762",22
"2763",22
"2764",22
"2765",22
"2766",22
"2767",22
"2768",22
"2769",22
"2770",22
"2771",22
"2772",22
"2773",22
"2774",22
"2775",22
"2776",22
"2777",22
"2778",22
"2779",22
"2780",22
"2781",22
"2782",22
"2783",22
"2784",22
"2785",22
"2786",22
"2787",22
"2788",22
"2789",22
"2790",22
"2791",22
"2792",22
"2793",22
"2794",22
"2795",22
"2796",22
"2797",22
"2798",22
"2799",22
"2800",22
"2801",22
"2802",22
"2803",22
"2804",22
"2805",22
"2806",22
"2807",22
"2808",22
"2809",22
"2810",22
"2811",22
"2812",22
"2813",22
"2814",22
"2815",22
"2816",22
"2817",22
"2818",22
"2819",22
"2820",22
"2821",22
"2822",22
"2823",22
"2824",22
"2825",22
"2826",22
"2827",22
"2828",22
"2829",22
"2830",22
"2831",22
"2832",22
"2833",22
"2834",22
"2835",22
"2836",22
"2837",22
"2838",22
"2839",22
"2840",22
"2841",22
"2842",22
"2843",22
"2844",22
"2845",22
"2846",22
"2847",22
"2848",22
"2849",22
"2850",22
"2851",22
"2852",22
"2853",22
"2854",22
"2855",22
"2856",22
"2857",22
"2858",22
"2859",22
"2860",22
"2861",22
"2862",22
"2863",22
"2864",22
"2865",22
"2866",22
"2867",22
"2868",22
"2869",22
"2870",22
"2871",22
"2872",22
"2873",22
"2874",22
"2875",22
"2876",22
"2877",22
"2878",22
"2879",22
"2880",22
"2881",22
"2882",22
"2883",22
"2884",22
"2885",22
"2886",22
"2887",23
"2888",23
"2889",23
"2890",23
"2891",23
"2892",23
"2893",23
"2894",23
"2895",23
"2896",23
"2897",23
"2898",23
"2899",23
"2900",23
"2901",23
"2902",23
"2903",23
"2904",23
"2905",23
"2906",23
"2907",23
"2908",23
"2909",23
"2910",23
"2911",23
"2912",23
"2913",23
"2914",23
"2915",23
"2916",23
"2917",23
"2918",23
"2919",23
"2920",23
"2921",23
"2922",23
"2923",23
"2924",23
"2925",23
"2926",23
"2927",23
"2928",23
"2929",23
"2930",23
"2931",23
"2932",23
"2933",23
"2934",23
"2935",23
"2936",23
"2937",23
"2938",23
"2939",23
"2940",23
"2941",23
"2942",23
"2943",23
"2944",23
"2945",23
"2946",23
"2947",23
"2948",23
"2949",23
"2950",23
"2951",23
"2952",23
"2953",23
"2954",23
"2955",23
"2956",23
"2957",23
"2958",23
"2959",23
"2960",23
"2961",23
"2962",23
"2963",23
"2964",23
"2965",23
"2966",23
"2967",23
"2968",23
"2969",23
"2970",23
"2971",23
"2972",23
"2973",23
"2974",23
"2975",23
"2976",23
"2977",23
"2978",23
"2979",23
"2980",23
"2981",23
"2982",23
"2983",23
"2984",23
"2985",23
"2986",23
"2987",23
"2988",23
"2989",23
"2990",23
"2991",23
"2992",23
"2993",23
"2994",23
"2995",23
"2996",23
"2997",23
"2998",23
"2999",23
"3000",23
"3001",23
"3002",23
"3003",23
"3004",23
"3005",23
"3006",23
"3007",24
"3008",24
"3009",24
"3010",24
"3011",24
"3012",24
"3013",24
"3014",24
"3015",24
"3016",24
"3017",24
"3018",24
"3019",24
"3020",24
"3021",24
"3022",24
"3023",24
"3024",24
"3025",24
"3026",24
"3027",24
"3028",24
"3029",24
"3030",24
"3031",24
"3032",24
"3033",24
"3034",24
"3035",24
"3036",24
"3037",24
"3038",24
"3039",24
"3040",24
"3041",24
"3042",24
"3043",24
"3044",24
"3045",24
"3046",24
"3047",24
"3048",24
"3049",24
"3050",24
"3051",24
"3052",24
"3053",24
"3054",24
"3055",24
"3056",24
"3057",24
"3058",24
"3059",24
"3060",24
"3061",24
"3062",24
"3063",24
"3064",24
"3065",24
"3066",24
"3067",24
"3068",24
"3069",24
"3070",24
"3071",24
"3072",24
"3073",24
"3074",24
"3075",24
"3076",24
"3077",24
"3078",24
"3079",24
"3080",24
"3081",24
"3082",24
"3083",24
"3084",24
"3085",24
"3086",24
"3087",24
"3088",24
"3089",24
"3090",24
"3091",24
"3092",24
"3093",24
"3094",24
"3095",24
"3096",24
"3097",24
"3098",24
"3099",24
"3100",24
"3101",24
"3102",24
"3103",24
"3104",24
"3105",25
"3106",25
"3107",25
"3108",25
"3109",25
"3110",25
"3111",25
"3112",25
"3113",25
"3114",25
"3115",25
"3116",25
"3117",25
"3118",25
"3119",25
"3120",25
"3121",25
"3122",25
"3123",25
"3124",25
"3125",25
"3126",25
"3127",25
"3128",25
"3129",25
"3130",25
"3131",25
"3132",25
"3133",25
"3134",25
"3135",25
"3136",25
"3137",25
"3138",25
"3139",25
"3140",25
"3141",25
"3142",25
"3143",25
"3144",25
"3145",25
"3146",25
"3147",25
"3148",25
"3149",25
"3150",25
"3151",25
"3152",25
"3153",25
"3154",25
"3155",25
"3156",25
"3157",25
"3158",25
"3159",25
"3160",25
"3161",25
"3162",25
"3163",25
"3164",25
"3165",25
"3166",25
"3167",25
"3168",25
"3169",25
"3170",25
"3171",25
"3172",25
"3173",25
"3174",25
"3175",25
"3176",25
"3177",25
"3178",25
"3179",25
"3180",25
"3181",25
"3182",25
"3183",25
"3184",25
"3185",25
"3186",25
"3187",25
"3188",26
"3189",26
"3190",26
"3191",26
"3192",26
"3193",26
"3194",26
"3195",26
"3196",26
"3197",26
"3198",26
"3199",26
"3200",26
"3201",26
"3202",26
"3203",26
"3204",26
"3205",26
"3206",26
"3207",26
"3208",26
"3209",26
"3210",26
"3211",26
"3212",26
"3213",26
"3214",26
"3215",26
"3216",26
"3217",26
"3218",26
"3219",26
"3220",26
"3221",26
"3222",26
"3223",26
"3224",26
"3225",26
"3226",26
"3227",26
"3228",26
"3229",26
"3230",26
"3231",26
"3232",26
"3233",26
"3234",26
"3235",26
"3236",26
"3237",26
"3238",26
"3239",26
"3240",26
"3241",26
"3242",26
"3243",26
"3244",26
"3245",26
"3246",26
"3247",26
"3248",26
"3249",26
"3250",26
"3251",26
"3252",26
"3253",26
"3254",26
"3255",26
"3256",26
"3257",26
"3258",26
"3259",26
"3260",26
"3261",26
"3262",26
"3263",26
"3264",26
"3265",26
"3266",26
"3267",26
"3268",26
"3269",26
"3270",26
"3271",26
"3272",26
"3273",26
"3274",27
"3275",27
"3276",27
"3277",27
"3278",27
"3279",27
"3280",27
"3281",27
"3282",27
"3283",27
"3284",27
"3285",27
"3286",27
"3287",27
"3288",27
"3289",27
"3290",27
"3291",27
"3292",27
"3293",27
"3294",27
"3295",27
"3296",27
"3297",27
"3298",27
"3299",27
"3300",27
"3301",27
"3302",27
"3303",27
"3304",27
"3305",27
"3306",27
"3307",27
"3308",27
"3309",27
"3310",27
"3311",27
"3312",27
"3313",27
"3314",27
"3315",27
"3316",27
"3317",27
"3318",27
"3319",27
"3320",27
"3321",27
"3322",27
"3323",27
"3324",27
"3325",27
"3326",27
"3327",27
"3328",27
"3329",27
"3330",27
"3331",27
"3332",27
"3333",27
"3334",27
"3335",27
"3336",27
"3337",27
"3338",27
"3339",27
"3340",27
"3341",27
"3342",27
"3343",27
"3344",27
"3345",27
"3346",27
"3347",27
"3348",27
"3349",27
"3350",28
"3351",28
"3352",28
"3353",28
"3354",28
"3355",28
"3356",28
"3357",28
"3358",28
"3359",28
"3360",28
"3361",28
"3362",28
"3363",28
"3364",28
"3365",28
"3366",28
"3367",28
"3368",28
"3369",28
"3370",28
"3371",28
"3372",28
"3373",28
"3374",28
"3375",28
"3376",28
"3377",28
"3378",28
"3379",28
"3380",28
"3381",28
"3382",28
"3383",28
"3384",28
"3385",28
"3386",28
"3387",28
"3388",28
"3389",28
"3390",28
"3391",28
"3392",28
"3393",28
"3394",28
"3395",28
"3396",28
"3397",28
"3398",28
"3399",28
"3400",28
"3401",28
"3402",28
"3403",28
"3404",28
"3405",28
"3406",28
"3407",28
"3408",28
"3409",28
"3410",28
"3411",28
"3412",28
"3413",28
"3414",28
"3415",28
"3416",28
"3417",28
"3418",28
"3419",28
"3420",28
"3421",28
"3422",28
"3423",28
"3424",28
"3425",28
"3426",28
"3427",28
"3428",28
"3429",28
"3430",28
"3431",28
"3432",28
"3433",28
"3434",28
"3435",28
"3436",28
"3437",28
"3438",28
"3439",28
"3440",28
"3441",28
"3442",28
"3443",28
"3444",28
"3445",28
"3446",28
"3447",28
"3448",28
"3449",29
"3450",29
"3451",29
"3452",29
"3453",29
"3454",29
"3455",29
"3456",29
"3457",29
"3458",29
"3459",29
"3460",29
"3461",29
"3462",29
"3463",29
"3464",29
"3465",29
"3466",29
"3467",29
"3468",29
"3469",29
"3470",29
"3471",29
"3472",29
"3473",29
"3474",29
"3475",29
"3476",29
"3477",29
"3478",29
"3479",29
"3480",29
"3481",29
"3482",29
"3483",29
"3484",29
"3485",29
"3486",29
"3487",29
"3488",29
"3489",29
"3490",29
"3491",29
"3492",29
"3493",29
"3494",29
"3495",29
"3496",29
"3497",29
"3498",29
"3499",29
"3500",29
"3501",29
"3502",29
"3503",29
"3504",29
"3505",29
"3506",29
"3507",29
"3508",29
"3509",29
"3510",29
"3511",29
"3512",29
"3513",29
"3514",29
"3515",29
"3516",29
"3517",29
"3518",29
"3519",29
"3520",29
"3521",29
"3522",29
"3523",29
"3524",29
"3525",29
"3526",29
"3527",29
"3528",29
"3529",29
"3530",29
"3531",29
"3532",29
"3533",30
"3534",30
"3535",30
"3536",30
"3537",30
"3538",30
"3539",30
"3540",30
"3541",30
"3542",30
"3543",30
"3544",30
"3545",30
"3546",30
"3547",30
"3548",30
"3549",30
"3550",30
"3551",30
"3552",30
"3553",30
"3554",30
"3555",30
"3556",30
"3557",30
"3558",30
"3559",30
"3560",30
"3561",30
"3562",30
"3563",30
"3564",30
"3565",30
"3566",30
"3567",30
"3568",30
"3569",30
"3570",30
"3571",30
"3572",30
"3573",30
"3574",30
"3575",30
"3576",30
"3577",30
"3578",30
"3579",30
"3580",30
"3581",30
"3582",30
"3583",30
"3584",30
"3585",30
"3586",30
"3587",30
"3588",30
"3589",30
"3590",30
"3591",30
"3592",30
"3593",30
"3594",30
"3595",30
"3596",30
"3597",30
"3598",30
"3599",30
"3600",30
"3601",30
"3602",30
"3603",30
"3604",30
"3605",30
"3606",30
"3607",30
"3608",30
"3609",30
"3610",31
"3611",31
"3612",31
"3613",31
"3614",31
"3615",31
"3616",31
"3617",31
"3618",31
"3619",31
"3620",31
"3621",31
"3622",31
"3623",31
"3624",31
"3625",31
"3626",31
"3627",31
"3628",31
"3629",31
"3630",31
"3631",31
"3632",31
"3633",31
"3634",31
"3635",31
"3636",31
"3637",31
"3638",31
"3639",31
"3640",31
"3641",31
"3642",31
"3643",31
"3644",31
"3645",31
"3646",31
"3647",31
"3648",31
"3649",31
"3650",31
"3651",31
"3652",31
"3653",31
"3654",31
"3655",31
"3656",31
"3657",31
"3658",31
"3659",31
"3660",31
"3661",31
"3662",31
"3663",31
"3664",31
"3665",31
"3666",31
"3667",31
"3668",31
"3669",31
"3670",31
"3671",31
"3672",31
"3673",31
"3674",31
"3675",31
"3676",31
"3677",31
"3678",31
"3679",31
"3680",32
"3681",32
"3682",32
"3683",32
"3684",32
"3685",32
"3686",32
"3687",32
"3688",32
"3689",32
"3690",32
"3691",32
"3692",32
"3693",32
"3694",32
"3695",32
"3696",32
"3697",32
"3698",32
"3699",32
"3700",32
"3701",32
"3702",32
"3703",32
"3704",32
"3705",32
"3706",32
"3707",32
"3708",32
"3709",32
"3710",32
"3711",32
"3712",32
"3713",32
"3714",32
"3715",32
"3716",32
"3717",32
"3718",32
"3719",32
"3720",32
"3721",32
"3722",32
"3723",32
"3724",32
"3725",32
"3726",32
"3727",32
"3728",32
"3729",32
"3730",32
"3731",32
"3732",32
"3733",32
"3734",32
"3735",32
"3736",32
"3737",32
"3738",32
"3739",32
"3740",32
"3741",32
"3742",32
"3743",33
"3744",33
"3745",33
"3746",33
"3747",33
"3748",33
"3749",33
"3750",33
"3751",33
"3752",33
"3753",33
"3754",33
"3755",33
"3756",33
"3757",33
"3758",33
"3759",33
"3760",33
"3761",33
"3762",33
"3763",33
"3764",33
"3765",33
"3766",33
"3767",33
"3768",33
"3769",33
"3770",33
"3771",33
"3772",33
"3773",33
"3774",33
"3775",33
"3776",33
"3777",33
"3778",33
"3779",33
"3780",33
"3781",33
"3782",33
"3783",33
"3784",33
"3785",33
"3786",33
"3787",33
"3788",33
"3789",33
"3790",33
"3791",33
"3792",33
"3793",33
"3794",33
"3795",33
"3796",33
"3797",33
"3798",33
"3799",33
"3800",33
"3801",33
"3802",33
"3803",33
"3804",33
"3805",33
"3806",33
"3807",33
"3808",33
"3809",33
"3810",33
"3811",33
"3812",33
"3813",34
"3814",34
"3815",34
"3816",34
"3817",34
"3818",34
"3819",34
"3820",34
"3821",34
"3822",34
"3823",34
"3824",34
"3825",34
"3826",34
"3827",34
"3828",34
"3829",34
"3830",34
"3831",34
"3832",34
"3833",34
"3834",34
"3835",34
"3836",34
"3837",34
"3838",34
"3839",34
"3840",34
"3841",34
"3842",34
"3843",34
"3844",34
"3845",34
"3846",34
"3847",34
"3848",34
"3849",34
"3850",34
"3851",34
"3852",34
"3853",34
"3854",34
"3855",35
"3856",35
"3857",35
"3858",35
"3859",35
"3860",35
"3861",35
"3862",35
"3863",35
"3864",35
"3865",35
"3866",35
"3867",35
"3868",35
"3869",35
"3870",35
"3871",35
"3872",35
"3873",35
"3874",35
"3875",35
"3876",35
"3877",35
"3878",35
"3879",35
"3880",35
"3881",35
"3882",35
"3883",35
"3884",35
"3885",35
"3886",35
"3887",35
"3888",35
"3889",35
"3890",35
"3891",35
"3892",35
"3893",35
"3894",35
"3895",35
"3896",35
"3897",35
"3898",35
"3899",35
"3900",36
"3901",36
"3902",36
"3903",36
"3904",36
"3905",36
"3906",36
"3907",36
"3908",36
"3909",36
"3910",36
"3911",36
"3912",36
"3913",36
"3914",36
"3915",36
"3916",36
"3917",36
"3918",36
"3919",36
"3920",36
"3921",36
"3922",36
"3923",36
"3924",36
"3925",36
"3926",36
"3927",36
"3928",36
"3929",36
"3930",36
"3931",36
"3932",36
"3933",36
"3934",36
"3935",36
"3936",36
"3937",36
"3938",36
"3939",36
"3940",36
"3941",36
"3942",36
"3943",36
"3944",36
"3945",36
"3946",36
"3947",36
"3948",36
"3949",36
"3950",36
"3951",36
"3952",36
"3953",37
"3954",37
"3955",37
"3956",37
"3957",37
"3958",37
"3959",37
"3960",37
"3961",37
"3962",37
"3963",37
"3964",37
"3965",37
"3966",37
"3967",37
"3968",37
"3969",37
"3970",37
"3971",37
"3972",37
"3973",37
"3974",37
"3975",37
"3976",37
"3977",37
"3978",37
"3979",37
"3980",37
"3981",37
"3982",37
"3983",37
"3984",37
"3985",37
"3986",37
"3987",37
"3988",37
"3989",37
"3990",37
"3991",37
"3992",37
"3993",37
"3994",38
"3995",38
"3996",38
"3997",38
"3998",38
"3999",38
"4000",38
"4001",38
"4002",38
"4003",38
"4004",38
"4005",38
"4006",38
"4007",38
"4008",38
"4009",38
"4010",38
"4011",38
"4012",38
"4013",38
"4014",38
"4015",38
"4016",38
"4017",38
"4018",38
"4019",38
"4020",38
"4021",38
"4022",38
"4023",38
"4024",38
"4025",38
"4026",38
"4027",38
"4028",38
"4029",38
"4030",38
"4031",38
"4032",38
"4033",38
"4034",38
"4035",38
"4036",38
"4037",38
"4038",38
"4039",38
"4040",39
"4041",39
"4042",39
"4043",39
"4044",39
"4045",39
"4046",39
"4047",39
"4048",39
"4049",39
"4050",39
"4051",39
"4052",39
"4053",39
"4054",39
"4055",39
"4056",39
"4057",39
"4058",39
"4059",39
"4060",39
"4061",39
"4062",39
"4063",39
"4064",39
"4065",39
"4066",39
"4067",39
"4068",39
"4069",39
"4070",39
"4071",39
"4072",39
"4073",39
"4074",39
"4075",39
"4076",39
"4077",39
"4078",39
"4079",39
"4080",39
"4081",39
"4082",39
"4083",39
"4084",40
"4085",40
"4086",40
"4087",40
"4088",40
"4089",40
"4090",40
"4091",40
"4092",40
"4093",40
"4094",40
"4095",40
"4096",40
"4097",40
"4098",40
"4099",40
"4100",40
"4101",40
"4102",40
"4103",40
"4104",40
"4105",40
"4106",40
"4107",40
"4108",40
"4109",40
"4110",40
"4111",40
"4112",40
"4113",40
"4114",40
"4115",40
"4116",40
"4117",40
"4118",40
"4119",40
"4120",40
"4121",40
"4122",40
"4123",40
"4124",40
"4125",41
"4126",41
"4127",41
"4128",41
"4129",41
"4130",41
"4131",41
"4132",41
"4133",41
"4134",41
"4135",41
"4136",41
"4137",41
"4138",41
"4139",41
"4140",41
"4141",41
"4142",41
"4143",41
"4144",41
"4145",41
"4146",41
"4147",41
"4148",41
"4149",41
"4150",41
"4151",41
"4152",41
"4153",41
"4154",41
"4155",41
"4156",42
"4157",42
"4158",42
"4159",42
"4160",42
"4161",42
"4162",42
"4163",42
"4164",42
"4165",42
"4166",42
"4167",42
"4168",42
"4169",42
"4170",42
"4171",42
"4172",42
"4173",42
"4174",42
"4175",42
"4176",42
"4177",42
"4178",42
"4179",42
"4180",42
"4181",42
"4182",42
"4183",42
"4184",42
"4185",42
"4186",42
"4187",42
"4188",42
"4189",42
"4190",42
"4191",42
"4192",42
"4193",42
"4194",43
"4195",43
"4196",43
"4197",43
"4198",43
"4199",43
"4200",43
"4201",43
"4202",43
"4203",43
"4204",43
"4205",43
"4206",43
"4207",43
"4208",43
"4209",43
"4210",43
"4211",43
"4212",43
"4213",43
"4214",43
"4215",43
"4216",43
"4217",43
"4218",43
"4219",43
"4220",43
"4221",43
"4222",43
"4223",43
"4224",43
"4225",43
"4226",43
"4227",43
"4228",43
"4229",44
"4230",44
"4231",44
"4232",44
"4233",44
"4234",44
"4235",44
"4236",44
"4237",44
"4238",44
"4239",44
"4240",44
"4241",44
"4242",44
"4243",44
"4244",44
"4245",44
"4246",44
"4247",44
"4248",44
"4249",44
"4250",44
"4251",44
"4252",44
"4253",44
"4254",44
"4255",44
"4256",44
"4257",44
"4258",44
"4259",44
"4260",44
"4261",44
"4262",44
"4263",44
"4264",44
"4265",44
"4266",45
"4267",45
"4268",45
"4269",45
"4270",45
"4271",45
"4272",45
"4273",45
"4274",45
"4275",45
"4276",45
"4277",45
"4278",45
"4279",45
"4280",45
"4281",45
"4282",45
"4283",45
"4284",45
"4285",45
"4286",45
"4287",45
"4288",45
"4289",45
"4290",45
"4291",45
"4292",45
"4293",45
"4294",45
"4295",45
"4296",45
"4297",45
"4298",45
"4299",45
"4300",46
"4301",46
"4302",46
"4303",46
"4304",46
"4305",46
"4306",46
"4307",46
"4308",46
"4309",46
"4310",46
"4311",46
"4312",46
"4313",46
"4314",46
"4315",46
"4316",46
"4317",46
"4318",46
"4319",46
"4320",46
"4321",46
"4322",46
"4323",46
"4324",46
"4325",47
"4326",47
"4327",47
"4328",47
"4329",47
"4330",47
"4331",47
"4332",47
"4333",47
"4334",47
"4335",47
"4336",47
"4337",47
"4338",47
"4339",47
"4340",47
"4341",47
"4342",47
"4343",47
"4344",47
"4345",47
"4346",47
"4347",47
"4348",47
"4349",47
"4350",47
"4351",47
"4352",47
"4353",47
"4354",48
"4355",48
"4356",48
"4357",48
"4358",48
"4359",48
"4360",48
"4361",48
"4362",48
"4363",48
"4364",48
"4365",48
"4366",48
"4367",48
"4368",48
"4369",48
"4370",48
"4371",48
"4372",48
"4373",48
"4374",49
"4375",49
"4376",49
"4377",49
"4378",49
"4379",49
"4380",49
"4381",49
"4382",49
"4383",49
"4384",49
"4385",49
"4386",49
"4387",49
"4388",49
"4389",49
"4390",49
"4391",50
"4392",50
"4393",50
"4394",50
"4395",50
"4396",50
"4397",50
"4398",50
"4399",50
"4400",50
"4401",51
"4402",51
"4403",51
"4404",51
"4405",51
"4406",51
"4407",51
"4408",51
"4409",51
"4410",51
"4411",51
"4412",51
"4413",51
"4414",51
"4415",51
"4416",51
"4417",51
"4418",51
"4419",51
"4420",51
"4421",51
"4422",51
"4423",51
"4424",51
"4425",51
"4426",52
"4427",52
"4428",52
"4429",52
"4430",52
"4431",52
"4432",52
"4433",52
"4434",52
"4435",52
"4436",52
"4437",52
"4438",52
"4439",52
"4440",52
"4441",52
"4442",52
"4443",52
"4444",52
"4445",52
"4446",52
"4447",52
"4448",52
"4449",52
"4450",53
"4451",53
"4452",53
"4453",53
"4454",53
"4455",53
"4456",53
"4457",53
"4458",53
"4459",53
"4460",53
"4461",53
"4462",53
"4463",53
"4464",53
"4465",53
"4466",53
"4467",53
"4468",53
"4469",53
"4470",53
"4471",53
"4472",53
"4473",54
"4474",54
"4475",54
"4476",54
"4477",54
"4478",54
"4479",54
"4480",54
"4481",54
"4482",54
"4483",54
"4484",54
"4485",54
"4486",54
"4487",54
"4488",54
"4489",54
"4490",54
"4491",54
"4492",54
"4493",54
"4494",54
"4495",55
"4496",55
"4497",55
"4498",55
"4499",55
"4500",55
"4501",55
"4502",55
"4503",55
"4504",55
"4505",55
"4506",55
"4507",55
"4508",55
"4509",55
"4510",55
"4511",55
"4512",56
"4513",56
"4514",56
"4515",56
"4516",56
"4517",56
"4518",56
"4519",56
"4520",56
"4521",56
"4522",56
"4523",56
"4524",56
"4525",56
"4526",56
"4527",57
"4528",57
"4529",57
"4530",57
"4531",57
"4532",57
"4533",57
"4534",57
"4535",57
"4536",57
"4537",57
"4538",57
"4539",57
"4540",57
"4541",58
"4542",58
"4543",58
"4544",58
"4545",58
"4546",58
"4547",58
"4548",58
"4549",58
"4550",58
"4551",59
"4552",59
"4553",59
"4554",59
"4555",59
"4556",59
"4557",59
"4558",59
"4559",59
"4560",59
"4561",60
"4562",60
"4563",60
"4564",60
"4565",60
"4566",60
"4567",60
"4568",60
"4569",60
"4570",60
"4571",60
"4572",61
"4573",61
"4574",61
"4575",61
"4576",61
"4577",61
"4578",61
"4579",61
"4580",61
"4581",61
"4582",61
"4583",61
"4584",61
"4585",61
"4586",61
"4587",61
"4588",61
"4589",61
"4590",61
"4591",62
"4592",62
"4593",62
"4594",62
"4595",62
"4596",62
"4597",62
"4598",62
"4599",62
"4600",62
"4601",62
"4602",62
"4603",62
"4604",62
"4605",63
"4606",63
"4607",63
"4608",63
"4609",63
"4610",63
"4611",63
"4612",63
"4613",63
"4614",63
"4615",63
"4616",63
"4617",63
"4618",63
"4619",64
"4620",64
"4621",64
"4622",64
"4623",64
"4624",64
"4625",64
"4626",64
"4627",64
"4628",64
"4629",64
"4630",64
"4631",64
"4632",64
"4633",64
"4634",65
"4635",65
"4636",65
"4637",65
"4638",65
"4639",65
"4640",65
"4641",65
"4642",65
"4643",65
"4644",65
"4645",65
"4646",65
"4647",65
"4648",65
"4649",66
"4650",66
"4651",66
"4652",66
"4653",66
"4654",66
"4655",66
"4656",66
"4657",66
"4658",66
"4659",67
"4660",67
"4661",67
"4662",67
"4663",67
"4664",67
"4665",67
"4666",67
"4667",67
"4668",67
"4669",67
"4670",67
"4671",68
"4672",68
"4673",69
"4674",69
"4675",69
"4676",69
"4677",69
"4678",69
"4679",69
"4680",69
"4681",69
"4682",69
"4683",70
"4684",70
"4685",70
"4686",70
"4687",70
"4688",70
"4689",70
"4690",70
"4691",70
"4692",71
"4693",71
"4694",71
"4695",71
"4696",71
"4697",71
"4698",72
"4699",72
"4700",72
"4701",72
"4702",72
"4703",72
"4704",72
"4705",73
"4706",73
"4707",73
"4708",74
"4709",74
"4710",74
"4711",75
"4712",75
"4713",75
"4714",75
"4715",75
"4716",75
"4717",75
"4718",75
"4719",75
"4720",76
"4721",76
"4722",76
"4723",76
"4724",76
"4725",76
"4726",77
"4727",77
"4728",77
"4729",77
"4730",78
"4731",78
"4732",78
"4733",78
"4734",79
"4735",79
"4736",79
"4737",79
"4738",79
"4739",79
"4740",79
"4741",79
"4742",79
"4743",79
"4744",80
"4745",80
"4746",80
"4747",80
"4748",80
"4749",80
"4750",80
"4751",80
"4752",81
"4753",81
"4754",82
"4755",82
"4756",82
"4757",82
"4758",82
"4759",83
"4760",84
"4761",84
"4762",85
"4763",85
"4764",85
"4765",85
"4766",85
"4767",85
"4768",86
"4769",86
"4770",87
"4771",87
"4772",87
"4773",87
"4774",87
"4775",87
"4776",87
"4777",88
"4778",88
"4779",88
"4780",88
"4781",88
"4782",88
"4783",88
"4784",89
"4785",89
"4786",89
"4787",90
"4788",90
"4789",90
"4790",90
"4791",91
"4792",92
"4793",92
"4794",93
"4795",94
"4796",94
"4797",94
"4798",94
"4799",94
"4800",95
"4801",95
"4802",95
"4803",95
"4804",95
"4805",95
"4806",96
"4807",96
"4808",97
"4809",98
"4810",98
"4811",99
"4812",99
"4813",99
"4814",99
"4815",99
"4816",100
"4817",100
"4818",100
"4819",100
"4820",100
"4821",100
"4822",101
"4823",101
"4824",102
"4825",102
"4826",103
"4827",103
"4828",104
"4829",104
"4830",105
"4831",105
"4832",106
"4833",106
"4834",107
"4835",107
"4836",107
"4837",108
"4838",108
"4839",108
"4840",109
"4841",109
"4842",109
"4843",109
"4844",109
"4845",110
"4846",111
"4847",111
"4848",111
"4849",112
"4850",112
"4851",112
"4852",112
"4853",113
"4854",114
"4855",114
"4856",114
"4857",115
"4858",116
"4859",117
"4860",117
"4861",117
"4862",118
"4863",119
"4864",119
"4865",120
"4866",120
"4867",121
"4868",121
"4869",121
"4870",121
"4871",121
"4872",124
"4873",126
"4874",126
"4875",126
"4876",127
"4877",127
"4878",128
"4879",128
"4880",128
"4881",130
"4882",130
"4883",131
"4884",132
"4885",132
"4886",133
"4887",133
"4888",135
"4889",136
"4890",136
"4891",138
"4892",139
"4893",139
"4894",140
"4895",141
"4896",142
"4897",144
"4898",144
"4899",145
"4900",147
"4901",147
"4902",147
"4903",148
"4904",148
"4905",149
"4906",152
"4907",153
"4908",154
"4909",154
"4910",155
"4911",156
"4912",156
"4913",156
"4914",157
"4915",160
"4916",160
"4917",160
"4918",161
"4919",164
"4920",164
"4921",165
"4922",166
"4923",174
"4924",178
"4925",178
"4926",182
"4927",184
"4928",187
"4929",190
"4930",190
"4931",193
"4932",193
"4933",193
"4934",196
"4935",197
"4936",198
"4937",199
"4938",204
"4939",204
"4940",209
"4941",210
"4942",211
"4943",211
"4944",212
"4945",219
"4946",221
"4947",227
"4948",237
"4949",239
"4950",241
"4951",247
"4952",248
"4953",255
"4954",259
"4955",261
"4956",264
"4957",266
"4958",272
"4959",284
"4960",289
"4961",315
"4962",325
"4963",331
"4964",341
"4965",348
"4966",366
"4967",414
